round,model,test_rmse,test_mae,test_r2,rmse_delta_vs_first,mae_delta_vs_first,r2_delta_vs_first
first,LightGBM_RMSE,1.346218,0.804153,0.639801,0.0,0.0,0.0
second,LightGBM_RMSE,1.332419,0.786823,0.647148,-0.013798999999999895,-0.017329999999999957,0.007346999999999992
third,LightGBM_Poisson,1.318903,0.774514,0.65427,-0.027314999999999978,-0.02963899999999997,0.014469000000000065
