k,inertia,silhouette
5,1186.3360728467571,0.15691515258163058
6,1092.8217405642447,0.1576896492357324
7,1024.6253053195503,0.14560808332082056
