k,inertia,silhouette
5,542.4733156422291,0.20327972462452254
6,498.3321458649898,0.17954054799250035
7,465.90771148931196,0.17079645786757486
